{
  "name": "{{title}}",
  "type": "rangedWeapon",
  "img": "systems/arcane-arcade-fallout/assets/vaultboy/ranged-weapon-icon.webp",
  "system": {
    "img": "systems/arcane-arcade-fallout/assets/vaultboy/ranged-weapon-icon.webp",
    "load": "{{load}}",
    "cost": "{{cost}}",
    "apCost": "{{ap}}",
    "damage": {
      "type": "{{type}}",
      "formula": "{{damage}}"
    },
    "range": {
      "short": "{{shortrange}}",
      "long": "{{longrange}}"
    },
    "critical": {
      "dice": "{{criticalhit}}",
      "bonus": "{{criticaldamage}}",
      "multiplier": "1",
      "roll": {
        "diceNum": 1,
        "diceSize": "d4"
      }
    },
    "ammo": {
      "type": "{{type}}",
      "capacity": {
        "value": 0,
        "min": 0,
        "max": "{{capacity}}"
      },
      "consumes": {
        "type": [],
        "amount": 1
      }
    },
    "properties": [],
    "strengthRequirement": "{{str}}",
    "abilityMod": "agi",
    "skillBonus": "guns"
  },
  "effects": [
    {
      "name": "New Active Effect",
      "icon": "icons/svg/aura.svg",
      "changes": [
        {
          "key": "system.carryLoad.value",
          "mode": 2,
          "value": "{{load}}"
        }
      ]
    }
  ],
  "folder": null
}
