{
  "name": "{{title}}",
  "type": "foodAnddrink",
  "img": "systems/arcane-arcade-fallout/assets/vaultboy/perk-icons/wasteland%20camel.png",
  "system": {
    "cost": "{{cost}}",
    "load": "{{load}}",
    "quantity": "{{qty}}",
    "description": "<p>{{properties}}</p>"
  },
  "effects": [
    {
      "name": "Inventory Effect",
      "icon": "icons/svg/aura.svg",
      "origin": "Item.9e6fkeVdVIReWZGH",
      "duration": {
        "startTime": null,
        "seconds": null,
        "combat": null,
        "rounds": null,
        "turns": null,
        "startRound": null,
        "startTurn": null
      },
      "disabled": false,
      "_id": "WV1B2o1W6aCjovS0",
      "changes": [
        {
          "key": "system.carryLoad.value",
          "mode": 2,
          "value": "{{load}}"
        }
      ],
      "description": "",
      "transfer": true,
      "statuses": [],
      "flags": {},
      "tint": null
    }
  ],
  "folder": null,
  "flags": {
    "core": {},
    "exportSource": {
      "world": "fallout-ttrpg",
      "system": "arcane-arcade-fallout",
      "coreVersion": "11.315",
      "systemVersion": "1.0.0"
    }
  },
  "_stats": {
    "systemId": "arcane-arcade-fallout",
    "systemVersion": "1.0.0",
    "coreVersion": "11.315",
    "createdTime": 1715720049899,
    "modifiedTime": 1715720672248,
    "lastModifiedBy": "gzYpjX3Fqlrk2eh5"
  }
}
