{
  "name": "{{title}}",
  "type": "meleeWeapon",
  "img": "systems/arcane-arcade-fallout/assets/vaultboy/melee-weapon-icon.png",
  "system": {
    "description": "<p>{{special}}</p>",
    "img": "systems/arcane-arcade-fallout/assets/vaultboy/melee-weapon-icon.png",
    "load": "{{load}}",
    "cost": "{{cost}}",
    "apCost": "{{ap}}",
    "damage": {
      "type": "{{type}}",
      "formula": "{{damage}}"
    },
    "range": {
      "short": 0,
      "long": 0
    },
    "critical": {
      "dice": "{{criticaldv}}",
      "bonus": "{{criticalbonus}}",
      "multiplier": 1,
      "roll": {
        "diceNum": 1,
        "diceSize": "d4"
      }
    },
    "ammo": {
      "type": "{{ammo}}",
      "capacity": {
        "value": 0,
        "min": 0,
        "max": 0
      },
      "consumes": {
        "type": [],
        "amount": 1
      }
    },
    "properties": [],
    "strengthRequirement": "{{strreq}}",
    "abilityMod": "str",
    "skillBonus": "melee_weapons"
  },
  "effects": [
    {
      "name": "Inventory Effect",
      "icon": "icons/svg/aura.svg",
      "origin": "Item.DgPDTlOIO8PtesDS",
      "duration": {
        "startTime": null,
        "seconds": null,
        "combat": null,
        "rounds": null,
        "turns": null,
        "startRound": null,
        "startTurn": null
      },
      "disabled": false,
      "changes": [
        {
          "key": "system.carryLoad.value",
          "mode": 2,
          "value": "{{load}}"
        }
      ],
      "description": "",
      "transfer": true,
      "statuses": [],
      "flags": {},
      "tint": null
    }
  ],
  "folder": null,
  "_stats": {
    "systemId": "arcane-arcade-fallout",
    "systemVersion": "1.0.0",
    "coreVersion": "11.315",
    "createdTime": 1715992320518,
    "modifiedTime": 1715992502624,
    "lastModifiedBy": "1zcyRzHXRiMQ1xFk"
  }
}
