{
  "id": "arcane-arcade-fallout",
  "title": "The Arcane Arcade Fallout TTRPG",
  "description": "Foundry version of Arcane Arcade's Fallout TTRPG system by Jacob Budz. Inspired by the game series of the same name by Interplay and Bethesda.",

  "authors": [
    {
      "name": "Fallout TTRPG Dev Team",
      "discord": "SigSaw"
    }
  ],
  "url": "https://github.com/Siggysaw/fallout-arcane-arcade.git",
  "changelog": "CHANGELOG.md",
  "media": [
    {
      "type": "setup",
      "url": "systems/arcane-arcade-fallout/assets/anvil-impact.png",
      "thumbnail": "systems/arcane-arcade-fallout/assets/anvil-impact.png"
    }
  ],
  "version": "1.0.0",
  "compatibility": {
    "minimum": 11,
    "verified": "11.315"
  },
  "esmodules": ["module/falloutzero.mjs"],
  "styles": ["css/falloutzero.css"],
  "languages": [
    {
      "lang": "en",
      "name": "English",
      "path": "lang/en.json"
    }
  ],
  "packs": [
    {
      "label": "Perks",
      "type": "Item",
      "name": "perks",
      "path": "packs/perks",
      "system": "arcane-arcade-fallout",
      "ownership": {
        "PLAYER": "OBSERVER",
        "ASSISTANT": "OWNER"
      },
      "flags": {}
    },
    {
      "label": "Armor",
      "type": "Item",
      "name": "armor",
      "path": "packs/armor",
      "system": "arcane-arcade-fallout",
      "ownership": {
        "PLAYER": "OBSERVER",
        "ASSISTANT": "OWNER"
      },
      "flags": {}
    },
    {
      "label": "Melee Weapons",
      "type": "Item",
      "name": "melee-weapons",
      "path": "packs/melee-weapons",
      "system": "arcane-arcade-fallout",
      "ownership": {
        "PLAYER": "OBSERVER",
        "ASSISTANT": "OWNER"
      },
      "flags": {}
    },
    {
      "label": "Ammunition",
      "type": "Item",
      "name": "ammunition",
      "path": "packs/ammunition",
      "system": "arcane-arcade-fallout",
      "ownership": {
        "PLAYER": "OBSERVER",
        "ASSISTANT": "OWNER"
      },
      "flags": {},
      "package": "world"
    },
    {
      "label": "Medicine",
      "type": "Item",
      "name": "medicine",
      "path": "packs/medicine",
      "system": "arcane-arcade-fallout",
      "ownership": {
        "PLAYER": "OBSERVER",
        "ASSISTANT": "OWNER"
      },
      "flags": {}
    },
    {
      "label": "Food and Drinks",
      "type": "Item",
      "name": "food-and-drinks",
      "path": "packs/food-and-drinks",
      "system": "arcane-arcade-fallout",
      "ownership": {
        "PLAYER": "OBSERVER",
        "ASSISTANT": "OWNER"
      },
      "flags": {}
    },
    {
      "label": "Enemies",
      "type": "Actor",
      "name": "enemies",
      "path": "packs/enemies",
      "system": "arcane-arcade-fallout",
      "ownership": {
        "PLAYER": "OBSERVER",
        "ASSISTANT": "OWNER"
      },
      "flags": {}
    },
    {
      "label": "Ranged Weapons",
      "type": "Item",
      "name": "rangedweapons",
      "path": "packs/rangedweapons",
      "system": "arcane-arcade-fallout",
      "ownership": {
        "PLAYER": "OBSERVER",
        "ASSISTANT": "OWNER"
      },
      "flags": {}
    },
    {
      "label": "Junk",
      "type": "Item",
      "name": "junk",
      "path": "packs/junk",
      "system": "arcane-arcade-fallout",
      "ownership": {
        "PLAYER": "OBSERVER",
        "ASSISTANT": "OWNER"
      },
      "flags": {}
    },{
		"label": "Traits",
		"type": "Item",
		"name": "traits",
		"path": "packs/traits",
		"system": "arcane-arcade-fallout",
		"ownership": {
		"PLAYER": "OBSERVER",
		"ASSISTANT": "OWNER"
		},
		"flags": {}
    }
  ],
  "packFolders": [],
  "socket": false,
  "url": "https://github.com/Siggysaw/arcane-arcade-fallout/blob/9d456f7fff40db51e6a1b43a691c904748848f1d/system.json",
  "download": "",
  "background": "systems/arcane-arcade-fallout/assets/anvil-impact.png",
  "gridDistance": 5,
  "gridUnits": "ft",
  "primaryTokenAttribute": "health",
  "secondaryTokenAttribute": "power"
}
